density,time_of_day,week_or_weekend,year,month,time_binary,week_binary,amenities_total,public_transport,pedestrian_total
Pt1,AM,week,2017,9,1,1,2,28,1111
Pt2,AM,week,2017,9,1,1,0,3,2389
Pt3,AM,week,2017,9,1,1,1,19,2783
Pt4,AM,week,2017,9,1,1,0,3,2453
Pt5,AM,week,2017,9,1,1,0,2,1082
Pt6,AM,week,2017,9,1,1,0,6,962
Pt7,AM,week,2017,9,1,1,0,13,1702
Pt8,AM,week,2017,9,1,1,0,31,2023
Pt9,AM,week,2017,9,1,1,2,4,1563
Pt10,AM,week,2017,9,1,1,17,0,905
Pt11,AM,week,2017,9,1,1,17,22,3494
Pt12,AM,week,2017,9,1,1,22,13,1441
Pt13,AM,week,2017,9,1,1,9,4,603
Pt14,AM,week,2017,9,1,1,33,10,2566
Pt15,AM,week,2017,9,1,1,9,19,1575
Pt16,AM,week,2017,9,1,1,2,19,2213
Pt17,AM,week,2017,9,1,1,10,1,2598
Pt18,AM,week,2017,9,1,1,28,3,2341
Pt19,AM,week,2017,9,1,1,7,9,1424
Pt20,AM,week,2017,9,1,1,0,33,236
Pt21,AM,week,2017,9,1,1,1,1,1032
Pt22,AM,week,2017,9,1,1,15,24,882
Pt23,AM,week,2017,9,1,1,41,34,2003
Pt24,AM,week,2017,9,1,1,0,1,1004
Pt25,AM,week,2017,9,1,1,19,4,606
Pt26,AM,week,2017,9,1,1,1,8,4338
Pt27,AM,week,2017,9,1,1,2,1,1903
Pt28,AM,week,2017,9,1,1,8,1,1519
Pt29,AM,week,2017,9,1,1,7,3,1495
Pt30,AM,week,2017,9,1,1,1,1,309
pt31,AM,week,2017,9,1,1,0,0,807
Pt32,AM,week,2017,9,1,1,2,68,1758
Pt33,AM,week,2017,9,1,1,2,3,98
Pt34,AM,week,2017,9,1,1,67,0,986
pt35,AM,week,2017,9,1,1,28,2,4924
Pt36,AM,week,2017,9,1,1,12,28,7798
Pt37,AM,week,2017,9,1,1,72,3,2091
Pt38,AM,week,2017,9,1,1,19,37,8401
Pt39,AM,week,2017,9,1,1,91,1,1592
Pt40,AM,week,2017,9,1,1,30,113,1634
Pt41,AM,week,2017,9,1,1,88,10,4251
Pt42,AM,week,2017,9,1,1,88,75,8551
Pt43,AM,week,2017,9,1,1,62,18,1212
Pt44,AM,week,2017,9,1,1,4,2,7802
Pt45,AM,week,2017,9,1,1,5,1,2985
Pt46,AM,week,2017,9,1,1,36,58,1336
Pt47,AM,week,2017,9,1,1,14,2,3625
Pt48,AM,week,2017,9,1,1,27,1,2846
Pt49,AM,week,2017,9,1,1,24,0,4656
Pt50,AM,week,2017,9,1,1,6,1,786
Pt51,AM,week,2017,9,1,1,29,67,9523
Pt52,AM,week,2017,9,1,1,31,80,2306
Pt53,AM,week,2017,9,1,1,46,86,5792
Pt54,AM,week,2017,9,1,1,9,4,1979
Pt55,AM,week,2017,9,1,1,38,2,2128
Pt56,AM,week,2017,9,1,1,1,24,1386
Pt57,AM,week,2017,9,1,1,63,92,14215
Pt58,AM,week,2017,9,1,1,32,24,7553
Pt59,AM,week,2017,9,1,1,233,19,2696
Pt60,AM,week,2017,9,1,1,25,8,1850
Pt61,AM,week,2017,9,1,1,101,9,5148
Pt62,AM,week,2017,9,1,1,92,41,5614
Pt63,AM,week,2017,9,1,1,41,16,5576
Pt64,AM,week,2017,9,1,1,62,9,4032
Pt65,AM,week,2017,9,1,1,134,9,5221
Pt66,AM,week,2017,9,1,1,101,24,7749
Pt67,AM,week,2017,9,1,1,153,56,5100
Pt68,AM,week,2017,9,1,1,67,54,6000
Pt69,AM,week,2017,9,1,1,44,52,4829
Pt70,AM,week,2017,9,1,1,0,13,268
Pt71,AM,week,2017,9,1,1,11,18,1165
Pt72,AM,week,2017,9,1,1,11,1,1378
Pt73,AM,week,2017,9,1,1,19,4,2776
Pt74,AM,week,2017,9,1,1,7,11,866
Pt75,AM,week,2017,9,1,1,5,4,632
Pt76,AM,week,2017,9,1,1,8,6,371
Pt77,AM,week,2017,9,1,1,19,37,1131
Pt78,AM,week,2017,9,1,1,9,2,818
Pt79,AM,week,2017,9,1,1,4,3,1625
Pt80,AM,week,2017,9,1,1,17,3,1228
Pt81,AM,week,2017,9,1,1,4,26,887
Pt82,AM,week,2017,9,1,1,4,4,3807
Pt83,AM,week,2017,9,1,1,4,5,97
Pt84,AM,week,2017,9,1,1,1,1,813
Pt85,AM,week,2017,9,1,1,18,71,1271
Pt86,AM,week,2017,9,1,1,16,1,880
Pt87,AM,week,2017,9,1,1,3,5,283
Pt88,AM,week,2017,9,1,1,4,1,347
Pt89,AM,week,2017,9,1,1,3,37,1368
Pt90,AM,week,2017,9,1,1,1,32,1066
Pt91,AM,week,2017,9,1,1,1,35,5531
Pt92,AM,week,2017,9,1,1,15,35,3415
Pt93,AM,week,2017,9,1,1,11,11,1054
Pt94,AM,week,2017,9,1,1,13,4,1265
Pt95,AM,week,2017,9,1,1,0,15,288
Pt96,AM,week,2017,9,1,1,0,2,228
Pt97,AM,week,2017,9,1,1,1,1,531
Pt98,AM,week,2017,9,1,1,3,149,1086
Pt99,AM,week,2017,9,1,1,0,2,169
Pt100,AM,week,2017,9,1,1,2,6,634
Pt1,PM,week,2017,9,0,1,2,28,4044
Pt2,PM,week,2017,9,0,1,0,3,5952
Pt3,PM,week,2017,9,0,1,1,19,12388
Pt4,PM,week,2017,9,0,1,0,3,3429
Pt5,PM,week,2017,9,0,1,0,2,3330
Pt6,PM,week,2017,9,0,1,0,6,1872
Pt7,PM,week,2017,9,0,1,0,13,7883
Pt8,PM,week,2017,9,0,1,0,31,5520
Pt9,PM,week,2017,9,0,1,2,4,4730
Pt10,PM,week,2017,9,0,1,17,0,2463
Pt11,PM,week,2017,9,0,1,17,22,4122
Pt12,PM,week,2017,9,0,1,22,13,5004
Pt13,PM,week,2017,9,0,1,9,4,2018
Pt14,PM,week,2017,9,0,1,33,10,6127
Pt15,PM,week,2017,9,0,1,9,19,5315
Pt16,PM,week,2017,9,0,1,2,19,3864
Pt17,PM,week,2017,9,0,1,10,1,3427
Pt18,PM,week,2017,9,0,1,28,3,5129
Pt19,PM,week,2017,9,0,1,7,9,2276
Pt20,PM,week,2017,9,0,1,0,33,999
Pt21,PM,week,2017,9,0,1,1,1,4343
Pt22,PM,week,2017,9,0,1,15,24,2678
Pt23,PM,week,2017,9,0,1,41,34,11406
Pt24,PM,week,2017,9,0,1,0,1,4347
Pt25,PM,week,2017,9,0,1,19,4,2013
Pt26,PM,week,2017,9,0,1,1,8,7010
Pt27,PM,week,2017,9,0,1,2,1,5017
Pt28,PM,week,2017,9,0,1,8,1,4121
Pt29,PM,week,2017,9,0,1,7,3,2013
Pt30,PM,week,2017,9,0,1,1,1,5016
pt31,PM,week,2017,9,0,1,0,0,2445
Pt32,PM,week,2017,9,0,1,2,68,2840
Pt33,PM,week,2017,9,0,1,2,3,295
Pt34,PM,week,2017,9,0,1,67,0,3996
pt35,PM,week,2017,9,0,1,28,2,8303
Pt36,PM,week,2017,9,0,1,12,28,12650
Pt37,PM,week,2017,9,0,1,72,3,9305
Pt38,PM,week,2017,9,0,1,19,37,9937
Pt39,PM,week,2017,9,0,1,91,1,3626
Pt40,PM,week,2017,9,0,1,30,113,3238
Pt41,PM,week,2017,9,0,1,88,10,19584
Pt42,PM,week,2017,9,0,1,88,75,16529
Pt43,PM,week,2017,9,0,1,62,18,5016
Pt44,PM,week,2017,9,0,1,4,2,23979
Pt45,PM,week,2017,9,0,1,5,1,19551
Pt46,PM,week,2017,9,0,1,36,58,3305
Pt47,PM,week,2017,9,0,1,14,2,6414
Pt48,PM,week,2017,9,0,1,27,1,7266
Pt49,PM,week,2017,9,0,1,24,0,10732
Pt50,PM,week,2017,9,0,1,6,1,2495
Pt51,PM,week,2017,9,0,1,29,67,23193
Pt52,PM,week,2017,9,0,1,31,80,4271
Pt53,PM,week,2017,9,0,1,46,86,10494
Pt54,PM,week,2017,9,0,1,9,4,8087
Pt55,PM,week,2017,9,0,1,38,2,9186
Pt56,PM,week,2017,9,0,1,1,24,7668
Pt57,PM,week,2017,9,0,1,63,92,25734
Pt58,PM,week,2017,9,0,1,32,24,16774
Pt59,PM,week,2017,9,0,1,233,19,12024
Pt60,PM,week,2017,9,0,1,25,8,4501
Pt61,PM,week,2017,9,0,1,101,9,11761
Pt62,PM,week,2017,9,0,1,92,41,9926
Pt63,PM,week,2017,9,0,1,41,16,10725
Pt64,PM,week,2017,9,0,1,62,9,9340
Pt65,PM,week,2017,9,0,1,134,9,22146
Pt66,PM,week,2017,9,0,1,101,24,17784
Pt67,PM,week,2017,9,0,1,153,56,13429
Pt68,PM,week,2017,9,0,1,67,54,17338
Pt69,PM,week,2017,9,0,1,44,52,12806
Pt70,PM,week,2017,9,0,1,0,13,649
Pt71,PM,week,2017,9,0,1,11,18,4684
Pt72,PM,week,2017,9,0,1,11,1,4375
Pt73,PM,week,2017,9,0,1,19,4,8450
Pt74,PM,week,2017,9,0,1,7,11,4765
Pt75,PM,week,2017,9,0,1,5,4,1788
Pt76,PM,week,2017,9,0,1,8,6,491
Pt77,PM,week,2017,9,0,1,19,37,1691
Pt78,PM,week,2017,9,0,1,9,2,959
Pt79,PM,week,2017,9,0,1,4,3,3046
Pt80,PM,week,2017,9,0,1,17,3,10284
Pt81,PM,week,2017,9,0,1,4,26,1287
Pt82,PM,week,2017,9,0,1,4,4,11109
Pt83,PM,week,2017,9,0,1,4,5,171
Pt84,PM,week,2017,9,0,1,1,1,1644
Pt85,PM,week,2017,9,0,1,18,71,3736
Pt86,PM,week,2017,9,0,1,16,1,2624
Pt87,PM,week,2017,9,0,1,3,5,1245
Pt88,PM,week,2017,9,0,1,4,1,2299
Pt89,PM,week,2017,9,0,1,3,37,1840
Pt90,PM,week,2017,9,0,1,1,32,1950
Pt91,PM,week,2017,9,0,1,1,35,8837
Pt92,PM,week,2017,9,0,1,15,35,12440
Pt93,PM,week,2017,9,0,1,11,11,4770
Pt94,PM,week,2017,9,0,1,13,4,2730
Pt95,PM,week,2017,9,0,1,0,15,781
Pt96,PM,week,2017,9,0,1,0,2,368
Pt97,PM,week,2017,9,0,1,1,1,657
Pt98,PM,week,2017,9,0,1,3,149,1679
Pt99,PM,week,2017,9,0,1,0,2,277
Pt100,PM,week,2017,9,0,1,2,6,717
Pt1,MD,weekend,2017,9,0.5,0,2,28,2731
Pt2,MD,weekend,2017,9,0.5,0,0,3,2832
Pt3,MD,weekend,2017,9,0.5,0,1,19,7076
Pt4,MD,weekend,2017,9,0.5,0,0,3,1551
Pt5,MD,weekend,2017,9,0.5,0,0,2,2479
Pt6,MD,weekend,2017,9,0.5,0,0,6,1199
Pt7,MD,weekend,2017,9,0.5,0,0,13,6921
Pt8,MD,weekend,2017,9,0.5,0,0,31,3166
Pt9,MD,weekend,2017,9,0.5,0,2,4,5563
Pt10,MD,weekend,2017,9,0.5,0,17,0,1679
Pt11,MD,weekend,2017,9,0.5,0,17,22,2450
Pt12,MD,weekend,2017,9,0.5,0,22,13,3638
Pt13,MD,weekend,2017,9,0.5,0,9,4,1935
Pt14,MD,weekend,2017,9,0.5,0,33,10,3572
Pt15,MD,weekend,2017,9,0.5,0,9,19,4827
Pt16,MD,weekend,2017,9,0.5,0,2,19,2368
Pt17,MD,weekend,2017,9,0.5,0,10,1,2107
Pt18,MD,weekend,2017,9,0.5,0,28,3,3671
Pt19,MD,weekend,2017,9,0.5,0,7,9,2670
Pt20,MD,weekend,2017,9,0.5,0,0,33,939
Pt21,MD,weekend,2017,9,0.5,0,1,1,2716
Pt22,MD,weekend,2017,9,0.5,0,15,24,1380
Pt23,MD,weekend,2017,9,0.5,0,41,34,6445
Pt24,MD,weekend,2017,9,0.5,0,0,1,1833
Pt25,MD,weekend,2017,9,0.5,0,19,4,1029
Pt26,MD,weekend,2017,9,0.5,0,1,8,2353
Pt27,MD,weekend,2017,9,0.5,0,2,1,2548
Pt28,MD,weekend,2017,9,0.5,0,8,1,3219
Pt29,MD,weekend,2017,9,0.5,0,7,3,1860
Pt30,MD,weekend,2017,9,0.5,0,1,1,2932
pt31,MD,weekend,2017,9,0.5,0,0,0,2582
Pt32,MD,weekend,2017,9,0.5,0,2,68,1248
Pt33,MD,weekend,2017,9,0.5,0,2,3,394
Pt34,MD,weekend,2017,9,0.5,0,67,0,2905
pt35,MD,weekend,2017,9,0.5,0,28,2,2036
Pt36,MD,weekend,2017,9,0.5,0,12,28,8126
Pt37,MD,weekend,2017,9,0.5,0,72,3,4663
Pt38,MD,weekend,2017,9,0.5,0,19,37,3302
Pt39,MD,weekend,2017,9,0.5,0,91,1,2977
Pt40,MD,weekend,2017,9,0.5,0,30,113,2420
Pt41,MD,weekend,2017,9,0.5,0,88,10,5078
Pt42,MD,weekend,2017,9,0.5,0,88,75,6279
Pt43,MD,weekend,2017,9,0.5,0,62,18,1690
Pt44,MD,weekend,2017,9,0.5,0,4,2,12536
Pt45,MD,weekend,2017,9,0.5,0,5,1,11576
Pt46,MD,weekend,2017,9,0.5,0,36,58,2866
Pt47,MD,weekend,2017,9,0.5,0,14,2,3704
Pt48,MD,weekend,2017,9,0.5,0,27,1,2938
Pt49,MD,weekend,2017,9,0.5,0,24,0,4176
Pt50,MD,weekend,2017,9,0.5,0,6,1,1711
Pt51,MD,weekend,2017,9,0.5,0,29,67,10593
Pt52,MD,weekend,2017,9,0.5,0,31,80,2993
Pt53,MD,weekend,2017,9,0.5,0,46,86,6854
Pt54,MD,weekend,2017,9,0.5,0,9,4,5486
Pt55,MD,weekend,2017,9,0.5,0,38,2,3972
Pt56,MD,weekend,2017,9,0.5,0,1,24,6307
Pt57,MD,weekend,2017,9,0.5,0,63,92,17262
Pt58,MD,weekend,2017,9,0.5,0,32,24,3818
Pt59,MD,weekend,2017,9,0.5,0,233,19,2551
Pt60,MD,weekend,2017,9,0.5,0,25,8,1904
Pt61,MD,weekend,2017,9,0.5,0,101,9,2136
Pt62,MD,weekend,2017,9,0.5,0,92,41,2480
Pt63,MD,weekend,2017,9,0.5,0,41,16,895
Pt64,MD,weekend,2017,9,0.5,0,62,9,1479
Pt65,MD,weekend,2017,9,0.5,0,134,9,15522
Pt66,MD,weekend,2017,9,0.5,0,101,24,7483
Pt67,MD,weekend,2017,9,0.5,0,153,56,6408
Pt68,MD,weekend,2017,9,0.5,0,67,54,9274
Pt69,MD,weekend,2017,9,0.5,0,44,52,4777
Pt70,MD,weekend,2017,9,0.5,0,0,13,950
Pt71,MD,weekend,2017,9,0.5,0,11,18,4333
Pt72,MD,weekend,2017,9,0.5,0,11,1,2787
Pt73,MD,weekend,2017,9,0.5,0,19,4,6170
Pt74,MD,weekend,2017,9,0.5,0,7,11,2387
Pt75,MD,weekend,2017,9,0.5,0,5,4,1369
Pt76,MD,weekend,2017,9,0.5,0,8,6,376
Pt77,MD,weekend,2017,9,0.5,0,19,37,1146
Pt78,MD,weekend,2017,9,0.5,0,9,2,522
Pt79,MD,weekend,2017,9,0.5,0,4,3,2379
Pt80,MD,weekend,2017,9,0.5,0,17,3,7037
Pt81,MD,weekend,2017,9,0.5,0,4,26,1524
Pt82,MD,weekend,2017,9,0.5,0,4,4,7963
Pt83,MD,weekend,2017,9,0.5,0,4,5,115
Pt84,MD,weekend,2017,9,0.5,0,1,1,1614
Pt85,MD,weekend,2017,9,0.5,0,18,71,2391
Pt86,MD,weekend,2017,9,0.5,0,16,1,1311
Pt87,MD,weekend,2017,9,0.5,0,3,5,659
Pt88,MD,weekend,2017,9,0.5,0,4,1,1754
Pt89,MD,weekend,2017,9,0.5,0,3,37,682
Pt90,MD,weekend,2017,9,0.5,0,1,32,1957
Pt91,MD,weekend,2017,9,0.5,0,1,35,4890
Pt92,MD,weekend,2017,9,0.5,0,15,35,8216
Pt93,MD,weekend,2017,9,0.5,0,11,11,3428
Pt94,MD,weekend,2017,9,0.5,0,13,4,942
Pt95,MD,weekend,2017,9,0.5,0,0,15,369
Pt96,MD,weekend,2017,9,0.5,0,0,2,247
Pt97,MD,weekend,2017,9,0.5,0,1,1,420
Pt98,MD,weekend,2017,9,0.5,0,3,149,1005
Pt99,MD,weekend,2017,9,0.5,0,0,2,219
Pt100,MD,weekend,2017,9,0.5,0,2,6,502
Pt1,AM,week,2017,5,1,1,2,28,1916
Pt2,AM,week,2017,5,1,1,0,3,1848
Pt3,AM,week,2017,5,1,1,1,19,2557
Pt4,AM,week,2017,5,1,1,0,3,2125
Pt5,AM,week,2017,5,1,1,0,2,980
Pt6,AM,week,2017,5,1,1,0,6,740
Pt7,AM,week,2017,5,1,1,0,13,2027
Pt8,AM,week,2017,5,1,1,0,31,1186
Pt9,AM,week,2017,5,1,1,2,4,1517
Pt10,AM,week,2017,5,1,1,17,0,812
Pt11,AM,week,2017,5,1,1,17,22,3108
Pt12,AM,week,2017,5,1,1,22,13,1611
Pt13,AM,week,2017,5,1,1,9,4,553
Pt14,AM,week,2017,5,1,1,33,10,2930
Pt15,AM,week,2017,5,1,1,9,19,1791
Pt16,AM,week,2017,5,1,1,2,19,2441
Pt17,AM,week,2017,5,1,1,10,1,2052
Pt18,AM,week,2017,5,1,1,28,3,2347
Pt19,AM,week,2017,5,1,1,7,9,1217
Pt20,AM,week,2017,5,1,1,0,33,386
Pt21,AM,week,2017,5,1,1,1,1,903
Pt22,AM,week,2017,5,1,1,15,24,895
Pt23,AM,week,2017,5,1,1,41,34,1785
Pt24,AM,week,2017,5,1,1,0,1,845
Pt25,AM,week,2017,5,1,1,19,4,790
Pt26,AM,week,2017,5,1,1,1,8,3166
Pt27,AM,week,2017,5,1,1,2,1,1908
Pt28,AM,week,2017,5,1,1,8,1,1541
Pt29,AM,week,2017,5,1,1,7,3,1034
Pt30,AM,week,2017,5,1,1,1,1,244
pt31,AM,week,2017,5,1,1,0,0,562
Pt32,AM,week,2017,5,1,1,2,68,1849
Pt33,AM,week,2017,5,1,1,2,3,117
Pt34,AM,week,2017,5,1,1,67,0,874
pt35,AM,week,2017,5,1,1,28,2,3522
Pt36,AM,week,2017,5,1,1,12,28,6274
Pt37,AM,week,2017,5,1,1,72,3,1962
Pt38,AM,week,2017,5,1,1,19,37,6923
Pt39,AM,week,2017,5,1,1,91,1,1558
Pt40,AM,week,2017,5,1,1,30,113,1647
Pt41,AM,week,2017,5,1,1,88,10,3303
Pt42,AM,week,2017,5,1,1,88,75,9241
Pt43,AM,week,2017,5,1,1,62,18,1352
Pt44,AM,week,2017,5,1,1,4,2,8389
Pt45,AM,week,2017,5,1,1,5,1,6445
Pt46,AM,week,2017,5,1,1,36,58,1391
Pt47,AM,week,2017,5,1,1,14,2,4637
Pt48,AM,week,2017,5,1,1,27,1,1977
Pt49,AM,week,2017,5,1,1,24,0,4489
Pt50,AM,week,2017,5,1,1,6,1,624
Pt51,AM,week,2017,5,1,1,29,67,9740
Pt52,AM,week,2017,5,1,1,31,80,2261
Pt53,AM,week,2017,5,1,1,46,86,5733
Pt54,AM,week,2017,5,1,1,9,4,2227
Pt55,AM,week,2017,5,1,1,38,2,1769
Pt56,AM,week,2017,5,1,1,1,24,1343
Pt57,AM,week,2017,5,1,1,63,92,11874
Pt58,AM,week,2017,5,1,1,32,24,5923
Pt59,AM,week,2017,5,1,1,233,19,3585
Pt60,AM,week,2017,5,1,1,25,8,2604
Pt61,AM,week,2017,5,1,1,101,9,5965
Pt62,AM,week,2017,5,1,1,92,41,6508
Pt63,AM,week,2017,5,1,1,41,16,7630
Pt64,AM,week,2017,5,1,1,62,9,3733
Pt65,AM,week,2017,5,1,1,134,9,3869
Pt66,AM,week,2017,5,1,1,101,24,9078
Pt67,AM,week,2017,5,1,1,153,56,6066
Pt68,AM,week,2017,5,1,1,67,54,4902
Pt69,AM,week,2017,5,1,1,44,52,4816
Pt70,AM,week,2017,5,1,1,0,13,255
Pt71,AM,week,2017,5,1,1,11,18,782
Pt72,AM,week,2017,5,1,1,11,1,1256
Pt73,AM,week,2017,5,1,1,19,4,2920
Pt74,AM,week,2017,5,1,1,7,11,787
Pt75,AM,week,2017,5,1,1,5,4,637
Pt76,AM,week,2017,5,1,1,8,6,499
Pt77,AM,week,2017,5,1,1,19,37,824
Pt78,AM,week,2017,5,1,1,9,2,707
Pt79,AM,week,2017,5,1,1,4,3,825
Pt80,AM,week,2017,5,1,1,17,3,1413
Pt81,AM,week,2017,5,1,1,4,26,1190
Pt82,AM,week,2017,5,1,1,4,4,2782
Pt83,AM,week,2017,5,1,1,4,5,74
Pt84,AM,week,2017,5,1,1,1,1,851
Pt85,AM,week,2017,5,1,1,18,71,1458
Pt86,AM,week,2017,5,1,1,16,1,936
Pt87,AM,week,2017,5,1,1,3,5,288
Pt88,AM,week,2017,5,1,1,4,1,349
Pt89,AM,week,2017,5,1,1,3,37,1695
Pt90,AM,week,2017,5,1,1,1,32,422
Pt91,AM,week,2017,5,1,1,1,35,6045
Pt92,AM,week,2017,5,1,1,15,35,3516
Pt93,AM,week,2017,5,1,1,11,11,964
Pt94,AM,week,2017,5,1,1,13,4,1448
Pt95,AM,week,2017,5,1,1,0,15,339
Pt96,AM,week,2017,5,1,1,0,2,221
Pt97,AM,week,2017,5,1,1,1,1,555
Pt98,AM,week,2017,5,1,1,3,149,1105
Pt99,AM,week,2017,5,1,1,0,2,131
Pt100,AM,week,2017,5,1,1,2,6,612
Pt1,PM,week,2017,5,0,1,2,28,5893
Pt2,PM,week,2017,5,0,1,0,3,4920
Pt3,PM,week,2017,5,0,1,1,19,12125
Pt4,PM,week,2017,5,0,1,0,3,3130
Pt5,PM,week,2017,5,0,1,0,2,3700
Pt6,PM,week,2017,5,0,1,0,6,1909
Pt7,PM,week,2017,5,0,1,0,13,9045
Pt8,PM,week,2017,5,0,1,0,31,4673
Pt9,PM,week,2017,5,0,1,2,4,7384
Pt10,PM,week,2017,5,0,1,17,0,2570
Pt11,PM,week,2017,5,0,1,17,22,4288
Pt12,PM,week,2017,5,0,1,22,13,6632
Pt13,PM,week,2017,5,0,1,9,4,2253
Pt14,PM,week,2017,5,0,1,33,10,8736
Pt15,PM,week,2017,5,0,1,9,19,6544
Pt16,PM,week,2017,5,0,1,2,19,3888
Pt17,PM,week,2017,5,0,1,10,1,3015
Pt18,PM,week,2017,5,0,1,28,3,5287
Pt19,PM,week,2017,5,0,1,7,9,2749
Pt20,PM,week,2017,5,0,1,0,33,1792
Pt21,PM,week,2017,5,0,1,1,1,3955
Pt22,PM,week,2017,5,0,1,15,24,2459
Pt23,PM,week,2017,5,0,1,41,34,9793
Pt24,PM,week,2017,5,0,1,0,1,3061
Pt25,PM,week,2017,5,0,1,19,4,2787
Pt26,PM,week,2017,5,0,1,1,8,6533
Pt27,PM,week,2017,5,0,1,2,1,5716
Pt28,PM,week,2017,5,0,1,8,1,3588
Pt29,PM,week,2017,5,0,1,7,3,1719
Pt30,PM,week,2017,5,0,1,1,1,2523
pt31,PM,week,2017,5,0,1,0,0,2708
Pt32,PM,week,2017,5,0,1,2,68,2820
Pt33,PM,week,2017,5,0,1,2,3,262
Pt34,PM,week,2017,5,0,1,67,0,3978
pt35,PM,week,2017,5,0,1,28,2,6747
Pt36,PM,week,2017,5,0,1,12,28,14040
Pt37,PM,week,2017,5,0,1,72,3,6832
Pt38,PM,week,2017,5,0,1,19,37,9546
Pt39,PM,week,2017,5,0,1,91,1,3627
Pt40,PM,week,2017,5,0,1,30,113,4534
Pt41,PM,week,2017,5,0,1,88,10,18021
Pt42,PM,week,2017,5,0,1,88,75,20258
Pt43,PM,week,2017,5,0,1,62,18,4866
Pt44,PM,week,2017,5,0,1,4,2,25824
Pt45,PM,week,2017,5,0,1,5,1,23214
Pt46,PM,week,2017,5,0,1,36,58,6610
Pt47,PM,week,2017,5,0,1,14,2,9223
Pt48,PM,week,2017,5,0,1,27,1,4998
Pt49,PM,week,2017,5,0,1,24,0,12400
Pt50,PM,week,2017,5,0,1,6,1,2681
Pt51,PM,week,2017,5,0,1,29,67,24343
Pt52,PM,week,2017,5,0,1,31,80,4475
Pt53,PM,week,2017,5,0,1,46,86,10277
Pt54,PM,week,2017,5,0,1,9,4,7957
Pt55,PM,week,2017,5,0,1,38,2,8995
Pt56,PM,week,2017,5,0,1,1,24,7407
Pt57,PM,week,2017,5,0,1,63,92,25185
Pt58,PM,week,2017,5,0,1,32,24,11981
Pt59,PM,week,2017,5,0,1,233,19,12022
Pt60,PM,week,2017,5,0,1,25,8,5938
Pt61,PM,week,2017,5,0,1,101,9,12548
Pt62,PM,week,2017,5,0,1,92,41,12931
Pt63,PM,week,2017,5,0,1,41,16,13654
Pt64,PM,week,2017,5,0,1,62,9,10241
Pt65,PM,week,2017,5,0,1,134,9,17620
Pt66,PM,week,2017,5,0,1,101,24,21417
Pt67,PM,week,2017,5,0,1,153,56,12107
Pt68,PM,week,2017,5,0,1,67,54,16330
Pt69,PM,week,2017,5,0,1,44,52,16366
Pt70,PM,week,2017,5,0,1,0,13,537
Pt71,PM,week,2017,5,0,1,11,18,5360
Pt72,PM,week,2017,5,0,1,11,1,4618
Pt73,PM,week,2017,5,0,1,19,4,8534
Pt74,PM,week,2017,5,0,1,7,11,5835
Pt75,PM,week,2017,5,0,1,5,4,1484
Pt76,PM,week,2017,5,0,1,8,6,559
Pt77,PM,week,2017,5,0,1,19,37,3545
Pt78,PM,week,2017,5,0,1,9,2,999
Pt79,PM,week,2017,5,0,1,4,3,3599
Pt80,PM,week,2017,5,0,1,17,3,9075
Pt81,PM,week,2017,5,0,1,4,26,1616
Pt82,PM,week,2017,5,0,1,4,4,8993
Pt83,PM,week,2017,5,0,1,4,5,195
Pt84,PM,week,2017,5,0,1,1,1,2248
Pt85,PM,week,2017,5,0,1,18,71,4242
Pt86,PM,week,2017,5,0,1,16,1,2820
Pt87,PM,week,2017,5,0,1,3,5,1330
Pt88,PM,week,2017,5,0,1,4,1,1899
Pt89,PM,week,2017,5,0,1,3,37,2496
Pt90,PM,week,2017,5,0,1,1,32,2045
Pt91,PM,week,2017,5,0,1,1,35,10126
Pt92,PM,week,2017,5,0,1,15,35,11835
Pt93,PM,week,2017,5,0,1,11,11,4891
Pt94,PM,week,2017,5,0,1,13,4,2938
Pt95,PM,week,2017,5,0,1,0,15,876
Pt96,PM,week,2017,5,0,1,0,2,325
Pt97,PM,week,2017,5,0,1,1,1,545
Pt98,PM,week,2017,5,0,1,3,149,1687
Pt99,PM,week,2017,5,0,1,0,2,224
Pt100,PM,week,2017,5,0,1,2,6,699
Pt1,MD,weekend,2017,5,0.5,0,2,28,2776
Pt2,MD,weekend,2017,5,0.5,0,0,3,2143
Pt3,MD,weekend,2017,5,0.5,0,1,19,6499
Pt4,MD,weekend,2017,5,0.5,0,0,3,1123
Pt5,MD,weekend,2017,5,0.5,0,0,2,2526
Pt6,MD,weekend,2017,5,0.5,0,0,6,925
Pt7,MD,weekend,2017,5,0.5,0,0,13,6683
Pt8,MD,weekend,2017,5,0.5,0,0,31,3420
Pt9,MD,weekend,2017,5,0.5,0,2,4,5356
Pt10,MD,weekend,2017,5,0.5,0,17,0,2298
Pt11,MD,weekend,2017,5,0.5,0,17,22,3721
Pt12,MD,weekend,2017,5,0.5,0,22,13,4163
Pt13,MD,weekend,2017,5,0.5,0,9,4,2134
Pt14,MD,weekend,2017,5,0.5,0,33,10,6209
Pt15,MD,weekend,2017,5,0.5,0,9,19,4502
Pt16,MD,weekend,2017,5,0.5,0,2,19,2533
Pt17,MD,weekend,2017,5,0.5,0,10,1,1712
Pt18,MD,weekend,2017,5,0.5,0,28,3,4713
Pt19,MD,weekend,2017,5,0.5,0,7,9,2205
Pt20,MD,weekend,2017,5,0.5,0,0,33,1387
Pt21,MD,weekend,2017,5,0.5,0,1,1,3370
Pt22,MD,weekend,2017,5,0.5,0,15,24,1794
Pt23,MD,weekend,2017,5,0.5,0,41,34,6073
Pt24,MD,weekend,2017,5,0.5,0,0,1,3576
Pt25,MD,weekend,2017,5,0.5,0,19,4,965
Pt26,MD,weekend,2017,5,0.5,0,1,8,2455
Pt27,MD,weekend,2017,5,0.5,0,2,1,2655
Pt28,MD,weekend,2017,5,0.5,0,8,1,3232
Pt29,MD,weekend,2017,5,0.5,0,7,3,2095
Pt30,MD,weekend,2017,5,0.5,0,1,1,2985
pt31,MD,weekend,2017,5,0.5,0,0,0,2244
Pt32,MD,weekend,2017,5,0.5,0,2,68,1374
Pt33,MD,weekend,2017,5,0.5,0,2,3,606
Pt34,MD,weekend,2017,5,0.5,0,67,0,2340
pt35,MD,weekend,2017,5,0.5,0,28,2,1715
Pt36,MD,weekend,2017,5,0.5,0,12,28,9265
Pt37,MD,weekend,2017,5,0.5,0,72,3,5446
Pt38,MD,weekend,2017,5,0.5,0,19,37,2994
Pt39,MD,weekend,2017,5,0.5,0,91,1,2690
Pt40,MD,weekend,2017,5,0.5,0,30,113,3295
Pt41,MD,weekend,2017,5,0.5,0,88,10,10204
Pt42,MD,weekend,2017,5,0.5,0,88,75,6428
Pt43,MD,weekend,2017,5,0.5,0,62,18,2682
Pt44,MD,weekend,2017,5,0.5,0,4,2,9745
Pt45,MD,weekend,2017,5,0.5,0,5,1,11394
Pt46,MD,weekend,2017,5,0.5,0,36,58,4469
Pt47,MD,weekend,2017,5,0.5,0,14,2,4792
Pt48,MD,weekend,2017,5,0.5,0,27,1,4729
Pt49,MD,weekend,2017,5,0.5,0,24,0,3894
Pt50,MD,weekend,2017,5,0.5,0,6,1,2185
Pt51,MD,weekend,2017,5,0.5,0,29,67,10861
Pt52,MD,weekend,2017,5,0.5,0,31,80,1754
Pt53,MD,weekend,2017,5,0.5,0,46,86,5651
Pt54,MD,weekend,2017,5,0.5,0,9,4,5857
Pt55,MD,weekend,2017,5,0.5,0,38,2,5170
Pt56,MD,weekend,2017,5,0.5,0,1,24,1343
Pt57,MD,weekend,2017,5,0.5,0,63,92,10944
Pt58,MD,weekend,2017,5,0.5,0,32,24,3672
Pt59,MD,weekend,2017,5,0.5,0,233,19,2121
Pt60,MD,weekend,2017,5,0.5,0,25,8,2490
Pt61,MD,weekend,2017,5,0.5,0,101,9,2926
Pt62,MD,weekend,2017,5,0.5,0,92,41,3247
Pt63,MD,weekend,2017,5,0.5,0,41,16,1362
Pt64,MD,weekend,2017,5,0.5,0,62,9,2080
Pt65,MD,weekend,2017,5,0.5,0,134,9,14224
Pt66,MD,weekend,2017,5,0.5,0,101,24,7852
Pt67,MD,weekend,2017,5,0.5,0,153,56,5963
Pt68,MD,weekend,2017,5,0.5,0,67,54,6214
Pt69,MD,weekend,2017,5,0.5,0,44,52,7899
Pt70,MD,weekend,2017,5,0.5,0,0,13,584
Pt71,MD,weekend,2017,5,0.5,0,11,18,3509
Pt72,MD,weekend,2017,5,0.5,0,11,1,2495
Pt73,MD,weekend,2017,5,0.5,0,19,4,6133
Pt74,MD,weekend,2017,5,0.5,0,7,11,4623
Pt75,MD,weekend,2017,5,0.5,0,5,4,1573
Pt76,MD,weekend,2017,5,0.5,0,8,6,391
Pt77,MD,weekend,2017,5,0.5,0,19,37,2480
Pt78,MD,weekend,2017,5,0.5,0,9,2,758
Pt79,MD,weekend,2017,5,0.5,0,4,3,1562
Pt80,MD,weekend,2017,5,0.5,0,17,3,5155
Pt81,MD,weekend,2017,5,0.5,0,4,26,1585
Pt82,MD,weekend,2017,5,0.5,0,4,4,8675
Pt83,MD,weekend,2017,5,0.5,0,4,5,44
Pt84,MD,weekend,2017,5,0.5,0,1,1,1745
Pt85,MD,weekend,2017,5,0.5,0,18,71,2709
Pt86,MD,weekend,2017,5,0.5,0,16,1,2164
Pt87,MD,weekend,2017,5,0.5,0,3,5,721
Pt88,MD,weekend,2017,5,0.5,0,4,1,1753
Pt89,MD,weekend,2017,5,0.5,0,3,37,788
Pt90,MD,weekend,2017,5,0.5,0,1,32,1584
Pt91,MD,weekend,2017,5,0.5,0,1,35,2665
Pt92,MD,weekend,2017,5,0.5,0,15,35,7373
Pt93,MD,weekend,2017,5,0.5,0,11,11,3270
Pt94,MD,weekend,2017,5,0.5,0,13,4,1025
Pt95,MD,weekend,2017,5,0.5,0,0,15,470
Pt96,MD,weekend,2017,5,0.5,0,0,2,246
Pt97,MD,weekend,2017,5,0.5,0,1,1,363
Pt98,MD,weekend,2017,5,0.5,0,3,149,992
Pt99,MD,weekend,2017,5,0.5,0,0,2,159
Pt100,MD,weekend,2017,5,0.5,0,2,6,492
Pt1,AM,week,2016,9,1,1,2,28,1309
Pt2,AM,week,2016,9,1,1,0,3,2109
Pt3,AM,week,2016,9,1,1,1,19,2422
Pt4,AM,week,2016,9,1,1,0,3,2017
Pt5,AM,week,2016,9,1,1,0,2,1101
Pt6,AM,week,2016,9,1,1,0,6,982
Pt7,AM,week,2016,9,1,1,0,13,1689
Pt8,AM,week,2016,9,1,1,0,31,1377
Pt9,AM,week,2016,9,1,1,2,4,1642
Pt10,AM,week,2016,9,1,1,17,0,951
Pt11,AM,week,2016,9,1,1,17,22,1838
Pt12,AM,week,2016,9,1,1,22,13,1561
Pt13,AM,week,2016,9,1,1,9,4,561
Pt14,AM,week,2016,9,1,1,33,10,3410
Pt15,AM,week,2016,9,1,1,9,19,1531
Pt16,AM,week,2016,9,1,1,2,19,2024
Pt17,AM,week,2016,9,1,1,10,1,2570
Pt18,AM,week,2016,9,1,1,28,3,2308
Pt19,AM,week,2016,9,1,1,7,9,1161
Pt20,AM,week,2016,9,1,1,0,33,372
Pt21,AM,week,2016,9,1,1,1,1,1037
Pt22,AM,week,2016,9,1,1,15,24,808
Pt23,AM,week,2016,9,1,1,41,34,2289
Pt24,AM,week,2016,9,1,1,0,1,855
Pt25,AM,week,2016,9,1,1,19,4,746
Pt26,AM,week,2016,9,1,1,1,8,3598
Pt27,AM,week,2016,9,1,1,2,1,1707
Pt28,AM,week,2016,9,1,1,8,1,1577
Pt29,AM,week,2016,9,1,1,7,3,1419
Pt30,AM,week,2016,9,1,1,1,1,201
pt31,AM,week,2016,9,1,1,0,0,844
Pt32,AM,week,2016,9,1,1,2,68,1927
Pt33,AM,week,2016,9,1,1,2,3,130
Pt34,AM,week,2016,9,1,1,67,0,838
pt35,AM,week,2016,9,1,1,28,2,4041
Pt36,AM,week,2016,9,1,1,12,28,3791
Pt37,AM,week,2016,9,1,1,72,3,2338
Pt38,AM,week,2016,9,1,1,19,37,7639
Pt39,AM,week,2016,9,1,1,91,1,1852
Pt40,AM,week,2016,9,1,1,30,113,1847
Pt41,AM,week,2016,9,1,1,88,10,3979
Pt42,AM,week,2016,9,1,1,88,75,8253
Pt43,AM,week,2016,9,1,1,62,18,1457
Pt44,AM,week,2016,9,1,1,4,2,7160
Pt45,AM,week,2016,9,1,1,5,1,4360
Pt46,AM,week,2016,9,1,1,36,58,1334
Pt47,AM,week,2016,9,1,1,14,2,4039
Pt48,AM,week,2016,9,1,1,27,1,2894
Pt49,AM,week,2016,9,1,1,24,0,4625
Pt50,AM,week,2016,9,1,1,6,1,2142
Pt51,AM,week,2016,9,1,1,29,67,11099
Pt52,AM,week,2016,9,1,1,31,80,2344
Pt53,AM,week,2016,9,1,1,46,86,6445
Pt54,AM,week,2016,9,1,1,9,4,2077
Pt55,AM,week,2016,9,1,1,38,2,2193
Pt56,AM,week,2016,9,1,1,1,24,1422
Pt57,AM,week,2016,9,1,1,63,92,9272
Pt58,AM,week,2016,9,1,1,32,24,6089
Pt59,AM,week,2016,9,1,1,233,19,4758
Pt60,AM,week,2016,9,1,1,25,8,2521
Pt61,AM,week,2016,9,1,1,101,9,4837
Pt62,AM,week,2016,9,1,1,92,41,4532
Pt63,AM,week,2016,9,1,1,41,16,6021
Pt64,AM,week,2016,9,1,1,62,9,3384
Pt65,AM,week,2016,9,1,1,134,9,6371
Pt66,AM,week,2016,9,1,1,101,24,8451
Pt67,AM,week,2016,9,1,1,153,56,5972
Pt68,AM,week,2016,9,1,1,67,54,5458
Pt69,AM,week,2016,9,1,1,44,52,4669
Pt70,AM,week,2016,9,1,1,0,13,339
Pt71,AM,week,2016,9,1,1,11,18,1071
Pt72,AM,week,2016,9,1,1,11,1,1332
Pt73,AM,week,2016,9,1,1,19,4,2905
Pt74,AM,week,2016,9,1,1,7,11,902
Pt75,AM,week,2016,9,1,1,5,4,879
Pt76,AM,week,2016,9,1,1,8,6,531
Pt77,AM,week,2016,9,1,1,19,37,959
Pt78,AM,week,2016,9,1,1,9,2,723
Pt79,AM,week,2016,9,1,1,4,3,996
Pt80,AM,week,2016,9,1,1,17,3,1326
Pt81,AM,week,2016,9,1,1,4,26,1234
Pt82,AM,week,2016,9,1,1,4,4,2524
Pt83,AM,week,2016,9,1,1,4,5,93
Pt84,AM,week,2016,9,1,1,1,1,942
Pt85,AM,week,2016,9,1,1,18,71,1350
Pt86,AM,week,2016,9,1,1,16,1,934
Pt87,AM,week,2016,9,1,1,3,5,357
Pt88,AM,week,2016,9,1,1,4,1,358
Pt89,AM,week,2016,9,1,1,3,37,1799
Pt90,AM,week,2016,9,1,1,1,32,455
Pt91,AM,week,2016,9,1,1,1,35,5493
Pt92,AM,week,2016,9,1,1,15,35,3749
Pt93,AM,week,2016,9,1,1,11,11,1047
Pt94,AM,week,2016,9,1,1,13,4,1315
Pt95,AM,week,2016,9,1,1,0,15,354
Pt96,AM,week,2016,9,1,1,0,2,203
Pt97,AM,week,2016,9,1,1,1,1,529
Pt98,AM,week,2016,9,1,1,3,149,1148
Pt99,AM,week,2016,9,1,1,0,2,138
Pt100,AM,week,2016,9,1,1,2,6,588
Pt1,PM,week,2016,9,0,1,2,28,3642
Pt2,PM,week,2016,9,0,1,0,3,5485
Pt3,PM,week,2016,9,0,1,1,19,11145
Pt4,PM,week,2016,9,0,1,0,3,2771
Pt5,PM,week,2016,9,0,1,0,2,3336
Pt6,PM,week,2016,9,0,1,0,6,1971
Pt7,PM,week,2016,9,0,1,0,13,7885
Pt8,PM,week,2016,9,0,1,0,31,4098
Pt9,PM,week,2016,9,0,1,2,4,8130
Pt10,PM,week,2016,9,0,1,17,0,2911
Pt11,PM,week,2016,9,0,1,17,22,4557
Pt12,PM,week,2016,9,0,1,22,13,6338
Pt13,PM,week,2016,9,0,1,9,4,1706
Pt14,PM,week,2016,9,0,1,33,10,8301
Pt15,PM,week,2016,9,0,1,9,19,5930
Pt16,PM,week,2016,9,0,1,2,19,4229
Pt17,PM,week,2016,9,0,1,10,1,2747
Pt18,PM,week,2016,9,0,1,28,3,4503
Pt19,PM,week,2016,9,0,1,7,9,2381
Pt20,PM,week,2016,9,0,1,0,33,2698
Pt21,PM,week,2016,9,0,1,1,1,4115
Pt22,PM,week,2016,9,0,1,15,24,2407
Pt23,PM,week,2016,9,0,1,41,34,10775
Pt24,PM,week,2016,9,0,1,0,1,2526
Pt25,PM,week,2016,9,0,1,19,4,2573
Pt26,PM,week,2016,9,0,1,1,8,5068
Pt27,PM,week,2016,9,0,1,2,1,4512
Pt28,PM,week,2016,9,0,1,8,1,3695
Pt29,PM,week,2016,9,0,1,7,3,2089
Pt30,PM,week,2016,9,0,1,1,1,1481
pt31,PM,week,2016,9,0,1,0,0,2852
Pt32,PM,week,2016,9,0,1,2,68,2664
Pt33,PM,week,2016,9,0,1,2,3,257
Pt34,PM,week,2016,9,0,1,67,0,2929
pt35,PM,week,2016,9,0,1,28,2,5893
Pt36,PM,week,2016,9,0,1,12,28,10156
Pt37,PM,week,2016,9,0,1,72,3,8574
Pt38,PM,week,2016,9,0,1,19,37,8514
Pt39,PM,week,2016,9,0,1,91,1,3277
Pt40,PM,week,2016,9,0,1,30,113,4847
Pt41,PM,week,2016,9,0,1,88,10,16487
Pt42,PM,week,2016,9,0,1,88,75,16376
Pt43,PM,week,2016,9,0,1,62,18,6299
Pt44,PM,week,2016,9,0,1,4,2,21141
Pt45,PM,week,2016,9,0,1,5,1,22274
Pt46,PM,week,2016,9,0,1,36,58,4059
Pt47,PM,week,2016,9,0,1,14,2,6740
Pt48,PM,week,2016,9,0,1,27,1,7597
Pt49,PM,week,2016,9,0,1,24,0,12007
Pt50,PM,week,2016,9,0,1,6,1,6911
Pt51,PM,week,2016,9,0,1,29,67,38885
Pt52,PM,week,2016,9,0,1,31,80,4403
Pt53,PM,week,2016,9,0,1,46,86,11300
Pt54,PM,week,2016,9,0,1,9,4,8199
Pt55,PM,week,2016,9,0,1,38,2,8523
Pt56,PM,week,2016,9,0,1,1,24,7555
Pt57,PM,week,2016,9,0,1,63,92,25365
Pt58,PM,week,2016,9,0,1,32,24,13479
Pt59,PM,week,2016,9,0,1,233,19,13021
Pt60,PM,week,2016,9,0,1,25,8,5715
Pt61,PM,week,2016,9,0,1,101,9,8838
Pt62,PM,week,2016,9,0,1,92,41,10213
Pt63,PM,week,2016,9,0,1,41,16,9465
Pt64,PM,week,2016,9,0,1,62,9,9498
Pt65,PM,week,2016,9,0,1,134,9,20399
Pt66,PM,week,2016,9,0,1,101,24,20123
Pt67,PM,week,2016,9,0,1,153,56,14583
Pt68,PM,week,2016,9,0,1,67,54,15559
Pt69,PM,week,2016,9,0,1,44,52,16089
Pt70,PM,week,2016,9,0,1,0,13,553
Pt71,PM,week,2016,9,0,1,11,18,3859
Pt72,PM,week,2016,9,0,1,11,1,4646
Pt73,PM,week,2016,9,0,1,19,4,8768
Pt74,PM,week,2016,9,0,1,7,11,3818
Pt75,PM,week,2016,9,0,1,5,4,2479
Pt76,PM,week,2016,9,0,1,8,6,668
Pt77,PM,week,2016,9,0,1,19,37,3719
Pt78,PM,week,2016,9,0,1,9,2,1211
Pt79,PM,week,2016,9,0,1,4,3,3328
Pt80,PM,week,2016,9,0,1,17,3,6383
Pt81,PM,week,2016,9,0,1,4,26,1685
Pt82,PM,week,2016,9,0,1,4,4,8379
Pt83,PM,week,2016,9,0,1,4,5,177
Pt84,PM,week,2016,9,0,1,1,1,1791
Pt85,PM,week,2016,9,0,1,18,71,4110
Pt86,PM,week,2016,9,0,1,16,1,2761
Pt87,PM,week,2016,9,0,1,3,5,725
Pt88,PM,week,2016,9,0,1,4,1,1985
Pt89,PM,week,2016,9,0,1,3,37,2061
Pt90,PM,week,2016,9,0,1,1,32,1881
Pt91,PM,week,2016,9,0,1,1,35,9476
Pt92,PM,week,2016,9,0,1,15,35,11927
Pt93,PM,week,2016,9,0,1,11,11,4622
Pt94,PM,week,2016,9,0,1,13,4,2482
Pt95,PM,week,2016,9,0,1,0,15,718
Pt96,PM,week,2016,9,0,1,0,2,348
Pt97,PM,week,2016,9,0,1,1,1,571
Pt98,PM,week,2016,9,0,1,3,149,1758
Pt99,PM,week,2016,9,0,1,0,2,216
Pt100,PM,week,2016,9,0,1,2,6,637
Pt1,MD,weekend,2016,9,0.5,0,2,28,2830
Pt2,MD,weekend,2016,9,0.5,0,0,3,2548
Pt3,MD,weekend,2016,9,0.5,0,1,19,9775
Pt4,MD,weekend,2016,9,0.5,0,0,3,1459
Pt5,MD,weekend,2016,9,0.5,0,0,2,2501
Pt6,MD,weekend,2016,9,0.5,0,0,6,1165
Pt7,MD,weekend,2016,9,0.5,0,0,13,6900
Pt8,MD,weekend,2016,9,0.5,0,0,31,2730
Pt9,MD,weekend,2016,9,0.5,0,2,4,5763
Pt10,MD,weekend,2016,9,0.5,0,17,0,2248
Pt11,MD,weekend,2016,9,0.5,0,17,22,2520
Pt12,MD,weekend,2016,9,0.5,0,22,13,5412
Pt13,MD,weekend,2016,9,0.5,0,9,4,1385
Pt14,MD,weekend,2016,9,0.5,0,33,10,5014
Pt15,MD,weekend,2016,9,0.5,0,9,19,5092
Pt16,MD,weekend,2016,9,0.5,0,2,19,2040
Pt17,MD,weekend,2016,9,0.5,0,10,1,3234
Pt18,MD,weekend,2016,9,0.5,0,28,3,3170
Pt19,MD,weekend,2016,9,0.5,0,7,9,3082
Pt20,MD,weekend,2016,9,0.5,0,0,33,1487
Pt21,MD,weekend,2016,9,0.5,0,1,1,2642
Pt22,MD,weekend,2016,9,0.5,0,15,24,1461
Pt23,MD,weekend,2016,9,0.5,0,41,34,6572
Pt24,MD,weekend,2016,9,0.5,0,0,1,2459
Pt25,MD,weekend,2016,9,0.5,0,19,4,1146
Pt26,MD,weekend,2016,9,0.5,0,1,8,2635
Pt27,MD,weekend,2016,9,0.5,0,2,1,2387
Pt28,MD,weekend,2016,9,0.5,0,8,1,2156
Pt29,MD,weekend,2016,9,0.5,0,7,3,1621
Pt30,MD,weekend,2016,9,0.5,0,1,1,3179
pt31,MD,weekend,2016,9,0.5,0,0,0,3258
Pt32,MD,weekend,2016,9,0.5,0,2,68,1240
Pt33,MD,weekend,2016,9,0.5,0,2,3,401
Pt34,MD,weekend,2016,9,0.5,0,67,0,2517
pt35,MD,weekend,2016,9,0.5,0,28,2,1880
Pt36,MD,weekend,2016,9,0.5,0,12,28,7720
Pt37,MD,weekend,2016,9,0.5,0,72,3,5944
Pt38,MD,weekend,2016,9,0.5,0,19,37,5458
Pt39,MD,weekend,2016,9,0.5,0,91,1,4522
Pt40,MD,weekend,2016,9,0.5,0,30,113,3032
Pt41,MD,weekend,2016,9,0.5,0,88,10,6253
Pt42,MD,weekend,2016,9,0.5,0,88,75,6400
Pt43,MD,weekend,2016,9,0.5,0,62,18,2276
Pt44,MD,weekend,2016,9,0.5,0,4,2,8346
Pt45,MD,weekend,2016,9,0.5,0,5,1,12247
Pt46,MD,weekend,2016,9,0.5,0,36,58,2994
Pt47,MD,weekend,2016,9,0.5,0,14,2,3425
Pt48,MD,weekend,2016,9,0.5,0,27,1,3555
Pt49,MD,weekend,2016,9,0.5,0,24,0,4892
Pt50,MD,weekend,2016,9,0.5,0,6,1,2160
Pt51,MD,weekend,2016,9,0.5,0,29,67,13500
Pt52,MD,weekend,2016,9,0.5,0,31,80,3024
Pt53,MD,weekend,2016,9,0.5,0,46,86,6516
Pt54,MD,weekend,2016,9,0.5,0,9,4,5483
Pt55,MD,weekend,2016,9,0.5,0,38,2,4507
Pt56,MD,weekend,2016,9,0.5,0,1,24,6295
Pt57,MD,weekend,2016,9,0.5,0,63,92,15233
Pt58,MD,weekend,2016,9,0.5,0,32,24,2753
Pt59,MD,weekend,2016,9,0.5,0,233,19,2720
Pt60,MD,weekend,2016,9,0.5,0,25,8,2751
Pt61,MD,weekend,2016,9,0.5,0,101,9,2656
Pt62,MD,weekend,2016,9,0.5,0,92,41,2900
Pt63,MD,weekend,2016,9,0.5,0,41,16,1811
Pt64,MD,weekend,2016,9,0.5,0,62,9,2059
Pt65,MD,weekend,2016,9,0.5,0,134,9,14273
Pt66,MD,weekend,2016,9,0.5,0,101,24,8578
Pt67,MD,weekend,2016,9,0.5,0,153,56,7043
Pt68,MD,weekend,2016,9,0.5,0,67,54,7641
Pt69,MD,weekend,2016,9,0.5,0,44,52,6486
Pt70,MD,weekend,2016,9,0.5,0,0,13,483
Pt71,MD,weekend,2016,9,0.5,0,11,18,3809
Pt72,MD,weekend,2016,9,0.5,0,11,1,2305
Pt73,MD,weekend,2016,9,0.5,0,19,4,6429
Pt74,MD,weekend,2016,9,0.5,0,7,11,3199
Pt75,MD,weekend,2016,9,0.5,0,5,4,756
Pt76,MD,weekend,2016,9,0.5,0,8,6,346
Pt77,MD,weekend,2016,9,0.5,0,19,37,1668
Pt78,MD,weekend,2016,9,0.5,0,9,2,326
Pt79,MD,weekend,2016,9,0.5,0,4,3,1687
Pt80,MD,weekend,2016,9,0.5,0,17,3,4747
Pt81,MD,weekend,2016,9,0.5,0,4,26,1420
Pt82,MD,weekend,2016,9,0.5,0,4,4,6689
Pt83,MD,weekend,2016,9,0.5,0,4,5,105
Pt84,MD,weekend,2016,9,0.5,0,1,1,1580
Pt85,MD,weekend,2016,9,0.5,0,18,71,2605
Pt86,MD,weekend,2016,9,0.5,0,16,1,1470
Pt87,MD,weekend,2016,9,0.5,0,3,5,594
Pt88,MD,weekend,2016,9,0.5,0,4,1,2005
Pt89,MD,weekend,2016,9,0.5,0,3,37,576
Pt90,MD,weekend,2016,9,0.5,0,1,32,1744
Pt91,MD,weekend,2016,9,0.5,0,1,35,1952
Pt92,MD,weekend,2016,9,0.5,0,15,35,8070
Pt93,MD,weekend,2016,9,0.5,0,11,11,3362
Pt94,MD,weekend,2016,9,0.5,0,13,4,1015
Pt95,MD,weekend,2016,9,0.5,0,0,15,467
Pt96,MD,weekend,2016,9,0.5,0,0,2,210
Pt97,MD,weekend,2016,9,0.5,0,1,1,403
Pt98,MD,weekend,2016,9,0.5,0,3,149,1056
Pt99,MD,weekend,2016,9,0.5,0,0,2,200
Pt100,MD,weekend,2016,9,0.5,0,2,6,489
Pt1,AM,week,2016,5,1,1,2,28,1246
Pt2,AM,week,2016,5,1,1,0,3,2053
Pt3,AM,week,2016,5,1,1,1,19,2540
Pt4,AM,week,2016,5,1,1,0,3,2066
Pt5,AM,week,2016,5,1,1,0,2,993
Pt6,AM,week,2016,5,1,1,0,6,767
Pt7,AM,week,2016,5,1,1,0,13,2059
Pt8,AM,week,2016,5,1,1,0,31,1638
Pt9,AM,week,2016,5,1,1,2,4,1531
Pt10,AM,week,2016,5,1,1,17,0,941
Pt11,AM,week,2016,5,1,1,17,22,3134
Pt12,AM,week,2016,5,1,1,22,13,1456
Pt13,AM,week,2016,5,1,1,9,4,583
Pt14,AM,week,2016,5,1,1,33,10,2621
Pt15,AM,week,2016,5,1,1,9,19,1471
Pt16,AM,week,2016,5,1,1,2,19,2084
Pt17,AM,week,2016,5,1,1,10,1,2074
Pt18,AM,week,2016,5,1,1,28,3,2003
Pt19,AM,week,2016,5,1,1,7,9,1037
Pt20,AM,week,2016,5,1,1,0,33,238
Pt21,AM,week,2016,5,1,1,1,1,1280
Pt22,AM,week,2016,5,1,1,15,24,714
Pt23,AM,week,2016,5,1,1,41,34,2045
Pt24,AM,week,2016,5,1,1,0,1,742
Pt25,AM,week,2016,5,1,1,19,4,665
Pt26,AM,week,2016,5,1,1,1,8,2556
Pt27,AM,week,2016,5,1,1,2,1,1718
Pt28,AM,week,2016,5,1,1,8,1,1283
Pt29,AM,week,2016,5,1,1,7,3,1099
Pt30,AM,week,2016,5,1,1,1,1,285
pt31,AM,week,2016,5,1,1,0,0,636
Pt32,AM,week,2016,5,1,1,2,68,1845
Pt33,AM,week,2016,5,1,1,2,3,110
Pt34,AM,week,2016,5,1,1,67,0,930
pt35,AM,week,2016,5,1,1,28,2,4632
Pt36,AM,week,2016,5,1,1,12,28,5079
Pt37,AM,week,2016,5,1,1,72,3,2789
Pt38,AM,week,2016,5,1,1,19,37,6923
Pt39,AM,week,2016,5,1,1,91,1,1892
Pt40,AM,week,2016,5,1,1,30,113,1746
Pt41,AM,week,2016,5,1,1,88,10,3017
Pt42,AM,week,2016,5,1,1,88,75,13311
Pt43,AM,week,2016,5,1,1,62,18,1267
Pt44,AM,week,2016,5,1,1,4,2,7800
Pt45,AM,week,2016,5,1,1,5,1,4443
Pt46,AM,week,2016,5,1,1,36,58,1258
Pt47,AM,week,2016,5,1,1,14,2,3460
Pt48,AM,week,2016,5,1,1,27,1,3207
Pt49,AM,week,2016,5,1,1,24,0,4931
Pt50,AM,week,2016,5,1,1,6,1,718
Pt51,AM,week,2016,5,1,1,29,67,11410
Pt52,AM,week,2016,5,1,1,31,80,2246
Pt53,AM,week,2016,5,1,1,46,86,6759
Pt54,AM,week,2016,5,1,1,9,4,2129
Pt55,AM,week,2016,5,1,1,38,2,2150
Pt56,AM,week,2016,5,1,1,1,24,1380
Pt57,AM,week,2016,5,1,1,63,92,13835
Pt58,AM,week,2016,5,1,1,32,24,7257
Pt59,AM,week,2016,5,1,1,233,19,5117
Pt60,AM,week,2016,5,1,1,25,8,2255
Pt61,AM,week,2016,5,1,1,101,9,5016
Pt62,AM,week,2016,5,1,1,92,41,3851
Pt63,AM,week,2016,5,1,1,41,16,4639
Pt64,AM,week,2016,5,1,1,62,9,4156
Pt65,AM,week,2016,5,1,1,134,9,5069
Pt66,AM,week,2016,5,1,1,101,24,8539
Pt67,AM,week,2016,5,1,1,153,56,5324
Pt68,AM,week,2016,5,1,1,67,54,4761
Pt69,AM,week,2016,5,1,1,44,52,4446
Pt70,AM,week,2016,5,1,1,0,13,244
Pt71,AM,week,2016,5,1,1,11,18,965
Pt72,AM,week,2016,5,1,1,11,1,1258
Pt73,AM,week,2016,5,1,1,19,4,2868
Pt74,AM,week,2016,5,1,1,7,11,871
Pt75,AM,week,2016,5,1,1,5,4,1002
Pt76,AM,week,2016,5,1,1,8,6,515
Pt77,AM,week,2016,5,1,1,19,37,988
Pt78,AM,week,2016,5,1,1,9,2,526
Pt79,AM,week,2016,5,1,1,4,3,896
Pt80,AM,week,2016,5,1,1,17,3,1280
Pt81,AM,week,2016,5,1,1,4,26,1005
Pt82,AM,week,2016,5,1,1,4,4,2005
Pt83,AM,week,2016,5,1,1,4,5,68
Pt84,AM,week,2016,5,1,1,1,1,729
Pt85,AM,week,2016,5,1,1,18,71,1346
Pt86,AM,week,2016,5,1,1,16,1,868
Pt87,AM,week,2016,5,1,1,3,5,274
Pt88,AM,week,2016,5,1,1,4,1,330
Pt89,AM,week,2016,5,1,1,3,37,1561
Pt90,AM,week,2016,5,1,1,1,32,388
Pt91,AM,week,2016,5,1,1,1,35,6222
Pt92,AM,week,2016,5,1,1,15,35,3485
Pt93,AM,week,2016,5,1,1,11,11,1081
Pt94,AM,week,2016,5,1,1,13,4,1059
Pt95,AM,week,2016,5,1,1,0,15,352
Pt96,AM,week,2016,5,1,1,0,2,205
Pt97,AM,week,2016,5,1,1,1,1,530
Pt98,AM,week,2016,5,1,1,3,149,1090
Pt99,AM,week,2016,5,1,1,0,2,129
Pt100,AM,week,2016,5,1,1,2,6,579
Pt1,PM,week,2016,5,0,1,2,28,4531
Pt2,PM,week,2016,5,0,1,0,3,4721
Pt3,PM,week,2016,5,0,1,1,19,11272
Pt4,PM,week,2016,5,0,1,0,3,2944
Pt5,PM,week,2016,5,0,1,0,2,3625
Pt6,PM,week,2016,5,0,1,0,6,1933
Pt7,PM,week,2016,5,0,1,0,13,9097
Pt8,PM,week,2016,5,0,1,0,31,5900
Pt9,PM,week,2016,5,0,1,2,4,7296
Pt10,PM,week,2016,5,0,1,17,0,2751
Pt11,PM,week,2016,5,0,1,17,22,4792
Pt12,PM,week,2016,5,0,1,22,13,4475
Pt13,PM,week,2016,5,0,1,9,4,1916
Pt14,PM,week,2016,5,0,1,33,10,6058
Pt15,PM,week,2016,5,0,1,9,19,5257
Pt16,PM,week,2016,5,0,1,2,19,3832
Pt17,PM,week,2016,5,0,1,10,1,2634
Pt18,PM,week,2016,5,0,1,28,3,5309
Pt19,PM,week,2016,5,0,1,7,9,2601
Pt20,PM,week,2016,5,0,1,0,33,816
Pt21,PM,week,2016,5,0,1,1,1,3936
Pt22,PM,week,2016,5,0,1,15,24,2244
Pt23,PM,week,2016,5,0,1,41,34,10872
Pt24,PM,week,2016,5,0,1,0,1,3431
Pt25,PM,week,2016,5,0,1,19,4,2094
Pt26,PM,week,2016,5,0,1,1,8,4267
Pt27,PM,week,2016,5,0,1,2,1,4984
Pt28,PM,week,2016,5,0,1,8,1,4017
Pt29,PM,week,2016,5,0,1,7,3,2481
Pt30,PM,week,2016,5,0,1,1,1,3323
pt31,PM,week,2016,5,0,1,0,0,2763
Pt32,PM,week,2016,5,0,1,2,68,2841
Pt33,PM,week,2016,5,0,1,2,3,244
Pt34,PM,week,2016,5,0,1,67,0,3784
pt35,PM,week,2016,5,0,1,28,2,7093
Pt36,PM,week,2016,5,0,1,12,28,11126
Pt37,PM,week,2016,5,0,1,72,3,8673
Pt38,PM,week,2016,5,0,1,19,37,9546
Pt39,PM,week,2016,5,0,1,91,1,4594
Pt40,PM,week,2016,5,0,1,30,113,5086
Pt41,PM,week,2016,5,0,1,88,10,14947
Pt42,PM,week,2016,5,0,1,88,75,28056
Pt43,PM,week,2016,5,0,1,62,18,5138
Pt44,PM,week,2016,5,0,1,4,2,28019
Pt45,PM,week,2016,5,0,1,5,1,22351
Pt46,PM,week,2016,5,0,1,36,58,4788
Pt47,PM,week,2016,5,0,1,14,2,8459
Pt48,PM,week,2016,5,0,1,27,1,9604
Pt49,PM,week,2016,5,0,1,24,0,12301
Pt50,PM,week,2016,5,0,1,6,1,2988
Pt51,PM,week,2016,5,0,1,29,67,31856
Pt52,PM,week,2016,5,0,1,31,80,4073
Pt53,PM,week,2016,5,0,1,46,86,14575
Pt54,PM,week,2016,5,0,1,9,4,8010
Pt55,PM,week,2016,5,0,1,38,2,8456
Pt56,PM,week,2016,5,0,1,1,24,7476
Pt57,PM,week,2016,5,0,1,63,92,33102
Pt58,PM,week,2016,5,0,1,32,24,20533
Pt59,PM,week,2016,5,0,1,233,19,14037
Pt60,PM,week,2016,5,0,1,25,8,4484
Pt61,PM,week,2016,5,0,1,101,9,10549
Pt62,PM,week,2016,5,0,1,92,41,10651
Pt63,PM,week,2016,5,0,1,41,16,10165
Pt64,PM,week,2016,5,0,1,62,9,9431
Pt65,PM,week,2016,5,0,1,134,9,23382
Pt66,PM,week,2016,5,0,1,101,24,20057
Pt67,PM,week,2016,5,0,1,153,56,14088
Pt68,PM,week,2016,5,0,1,67,54,16986
Pt69,PM,week,2016,5,0,1,44,52,16529
Pt70,PM,week,2016,5,0,1,0,13,619
Pt71,PM,week,2016,5,0,1,11,18,3676
Pt72,PM,week,2016,5,0,1,11,1,5240
Pt73,PM,week,2016,5,0,1,19,4,9190
Pt74,PM,week,2016,5,0,1,7,11,5007
Pt75,PM,week,2016,5,0,1,5,4,2149
Pt76,PM,week,2016,5,0,1,8,6,661
Pt77,PM,week,2016,5,0,1,19,37,3577
Pt78,PM,week,2016,5,0,1,9,2,1056
Pt79,PM,week,2016,5,0,1,4,3,3171
Pt80,PM,week,2016,5,0,1,17,3,6167
Pt81,PM,week,2016,5,0,1,4,26,1845
Pt82,PM,week,2016,5,0,1,4,4,7775
Pt83,PM,week,2016,5,0,1,4,5,231
Pt84,PM,week,2016,5,0,1,1,1,1581
Pt85,PM,week,2016,5,0,1,18,71,4035
Pt86,PM,week,2016,5,0,1,16,1,2668
Pt87,PM,week,2016,5,0,1,3,5,1145
Pt88,PM,week,2016,5,0,1,4,1,1881
Pt89,PM,week,2016,5,0,1,3,37,2338
Pt90,PM,week,2016,5,0,1,1,32,2028
Pt91,PM,week,2016,5,0,1,1,35,8748
Pt92,PM,week,2016,5,0,1,15,35,12573
Pt93,PM,week,2016,5,0,1,11,11,5044
Pt94,PM,week,2016,5,0,1,13,4,2443
Pt95,PM,week,2016,5,0,1,0,15,689
Pt96,PM,week,2016,5,0,1,0,2,304
Pt97,PM,week,2016,5,0,1,1,1,559
Pt98,PM,week,2016,5,0,1,3,149,1660
Pt99,PM,week,2016,5,0,1,0,2,199
Pt100,PM,week,2016,5,0,1,2,6,693
Pt1,MD,weekend,2016,5,0.5,0,2,28,2686
Pt2,MD,weekend,2016,5,0.5,0,0,3,2311
Pt3,MD,weekend,2016,5,0.5,0,1,19,8422
Pt4,MD,weekend,2016,5,0.5,0,0,3,1752
Pt5,MD,weekend,2016,5,0.5,0,0,2,2492
Pt6,MD,weekend,2016,5,0.5,0,0,6,1010
Pt7,MD,weekend,2016,5,0.5,0,0,13,6688
Pt8,MD,weekend,2016,5,0.5,0,0,31,2582
Pt9,MD,weekend,2016,5,0.5,0,2,4,6014
Pt10,MD,weekend,2016,5,0.5,0,17,0,3131
Pt11,MD,weekend,2016,5,0.5,0,17,22,2925
Pt12,MD,weekend,2016,5,0.5,0,22,13,5356
Pt13,MD,weekend,2016,5,0.5,0,9,4,1914
Pt14,MD,weekend,2016,5,0.5,0,33,10,5038
Pt15,MD,weekend,2016,5,0.5,0,9,19,5266
Pt16,MD,weekend,2016,5,0.5,0,2,19,2282
Pt17,MD,weekend,2016,5,0.5,0,10,1,1939
Pt18,MD,weekend,2016,5,0.5,0,28,3,4003
Pt19,MD,weekend,2016,5,0.5,0,7,9,2078
Pt20,MD,weekend,2016,5,0.5,0,0,33,1449
Pt21,MD,weekend,2016,5,0.5,0,1,1,3960
Pt22,MD,weekend,2016,5,0.5,0,15,24,1524
Pt23,MD,weekend,2016,5,0.5,0,41,34,6656
Pt24,MD,weekend,2016,5,0.5,0,0,1,3438
Pt25,MD,weekend,2016,5,0.5,0,19,4,1235
Pt26,MD,weekend,2016,5,0.5,0,1,8,1582
Pt27,MD,weekend,2016,5,0.5,0,2,1,2680
Pt28,MD,weekend,2016,5,0.5,0,8,1,3510
Pt29,MD,weekend,2016,5,0.5,0,7,3,1694
Pt30,MD,weekend,2016,5,0.5,0,1,1,3518
pt31,MD,weekend,2016,5,0.5,0,0,0,2358
Pt32,MD,weekend,2016,5,0.5,0,2,68,1365
Pt33,MD,weekend,2016,5,0.5,0,2,3,401
Pt34,MD,weekend,2016,5,0.5,0,67,0,2763
pt35,MD,weekend,2016,5,0.5,0,28,2,1580
Pt36,MD,weekend,2016,5,0.5,0,12,28,7116
Pt37,MD,weekend,2016,5,0.5,0,72,3,5003
Pt38,MD,weekend,2016,5,0.5,0,19,37,2994
Pt39,MD,weekend,2016,5,0.5,0,91,1,4162
Pt40,MD,weekend,2016,5,0.5,0,30,113,3197
Pt41,MD,weekend,2016,5,0.5,0,88,10,7465
Pt42,MD,weekend,2016,5,0.5,0,88,75,9351
Pt43,MD,weekend,2016,5,0.5,0,62,18,2661
Pt44,MD,weekend,2016,5,0.5,0,4,2,10030
Pt45,MD,weekend,2016,5,0.5,0,5,1,12712
Pt46,MD,weekend,2016,5,0.5,0,36,58,3174
Pt47,MD,weekend,2016,5,0.5,0,14,2,3542
Pt48,MD,weekend,2016,5,0.5,0,27,1,3429
Pt49,MD,weekend,2016,5,0.5,0,24,0,4583
Pt50,MD,weekend,2016,5,0.5,0,6,1,2480
Pt51,MD,weekend,2016,5,0.5,0,29,67,16847
Pt52,MD,weekend,2016,5,0.5,0,31,80,2607
Pt53,MD,weekend,2016,5,0.5,0,46,86,5836
Pt54,MD,weekend,2016,5,0.5,0,9,4,5791
Pt55,MD,weekend,2016,5,0.5,0,38,2,6081
Pt56,MD,weekend,2016,5,0.5,0,1,24,4671
Pt57,MD,weekend,2016,5,0.5,0,63,92,12029
Pt58,MD,weekend,2016,5,0.5,0,32,24,3407
Pt59,MD,weekend,2016,5,0.5,0,233,19,2772
Pt60,MD,weekend,2016,5,0.5,0,25,8,2836
Pt61,MD,weekend,2016,5,0.5,0,101,9,2962
Pt62,MD,weekend,2016,5,0.5,0,92,41,3776
Pt63,MD,weekend,2016,5,0.5,0,41,16,1969
Pt64,MD,weekend,2016,5,0.5,0,62,9,2556
Pt65,MD,weekend,2016,5,0.5,0,134,9,15398
Pt66,MD,weekend,2016,5,0.5,0,101,24,8095
Pt67,MD,weekend,2016,5,0.5,0,153,56,6798
Pt68,MD,weekend,2016,5,0.5,0,67,54,7928
Pt69,MD,weekend,2016,5,0.5,0,44,52,7359
Pt70,MD,weekend,2016,5,0.5,0,0,13,625
Pt71,MD,weekend,2016,5,0.5,0,11,18,3653
Pt72,MD,weekend,2016,5,0.5,0,11,1,2319
Pt73,MD,weekend,2016,5,0.5,0,19,4,5285
Pt74,MD,weekend,2016,5,0.5,0,7,11,3938
Pt75,MD,weekend,2016,5,0.5,0,5,4,1973
Pt76,MD,weekend,2016,5,0.5,0,8,6,385
Pt77,MD,weekend,2016,5,0.5,0,19,37,1712
Pt78,MD,weekend,2016,5,0.5,0,9,2,742
Pt79,MD,weekend,2016,5,0.5,0,4,3,2131
Pt80,MD,weekend,2016,5,0.5,0,17,3,5079
Pt81,MD,weekend,2016,5,0.5,0,4,26,1425
Pt82,MD,weekend,2016,5,0.5,0,4,4,6579
Pt83,MD,weekend,2016,5,0.5,0,4,5,95
Pt84,MD,weekend,2016,5,0.5,0,1,1,1554
Pt85,MD,weekend,2016,5,0.5,0,18,71,2505
Pt86,MD,weekend,2016,5,0.5,0,16,1,1297
Pt87,MD,weekend,2016,5,0.5,0,3,5,850
Pt88,MD,weekend,2016,5,0.5,0,4,1,1610
Pt89,MD,weekend,2016,5,0.5,0,3,37,754
Pt90,MD,weekend,2016,5,0.5,0,1,32,1632
Pt91,MD,weekend,2016,5,0.5,0,1,35,4257
Pt92,MD,weekend,2016,5,0.5,0,15,35,7617
Pt93,MD,weekend,2016,5,0.5,0,11,11,3570
Pt94,MD,weekend,2016,5,0.5,0,13,4,734
Pt95,MD,weekend,2016,5,0.5,0,0,15,456
Pt96,MD,weekend,2016,5,0.5,0,0,2,191
Pt97,MD,weekend,2016,5,0.5,0,1,1,411
Pt98,MD,weekend,2016,5,0.5,0,3,149,996
Pt99,MD,weekend,2016,5,0.5,0,0,2,203
Pt100,MD,weekend,2016,5,0.5,0,2,6,471
